type,received_at,event_text_encoded,uptime_s,temp_c,gyro_z_dps,gyro_z_angle_deg,command_value,random,pd0,pd1,pd2,pd3,photoreflector_adc,wifi_signal_quality
connection,13:45:05,Pico%20connected,0,0.00,NA,NA,0,0,0,0,0,0,NA,92
pico_reply,13:45:05,PICO_CONNECTED,0,0.00,NA,NA,0,0,0,0,0,0,NA,92
pico_reply,13:45:05,ERROR%2CCAMERA%2CSCCB%20communication%20failed,0,0.00,NA,NA,0,0,0,0,0,0,NA,92
telemetry,13:45:05,,29,21.41,0.01,6.53,0,823,765,769,770,767,857,92
telemetry,13:45:05,,30,23.76,0.01,6.53,0,755,766,769,770,767,755,92
telemetry,13:45:06,,30,23.76,0.01,6.53,0,92,765,769,770,766,592,92
telemetry,13:45:06,,31,22.82,0.04,6.53,0,600,766,769,770,766,584,92
telemetry,13:45:07,,31,22.82,0.00,6.53,0,953,766,769,770,767,688,92
telemetry,13:45:07,,32,26.57,0.01,6.53,0,222,765,769,770,767,681,93
telemetry,13:45:08,,32,23.29,0.02,6.53,0,648,765,769,770,767,602,93
telemetry,13:45:08,,33,23.76,0.03,6.53,0,357,766,769,771,767,690,93
telemetry,13:45:09,,33,23.29,0.02,6.53,0,602,765,769,770,766,737,93
telemetry,13:45:09,,34,23.76,0.02,6.53,0,437,766,769,770,767,857,93
telemetry,13:45:10,,34,23.76,0.04,6.53,0,305,766,769,770,767,950,93
telemetry,13:45:10,,35,23.29,0.01,6.53,0,405,765,769,770,766,969,93
telemetry,13:45:11,,35,23.29,0.01,6.53,0,344,765,769,770,766,964,93
telemetry,13:45:11,,36,28.91,0.02,6.53,0,722,765,769,770,766,951,93
telemetry,13:45:12,,36,25.16,0.02,6.53,0,101,765,770,770,766,936,93
telemetry,13:45:12,,37,23.76,0.02,6.54,0,206,765,769,770,766,923,93
telemetry,13:45:13,,37,23.76,0.01,6.55,0,803,765,769,770,767,756,93
pc_command,13:45:13,CAPTURE,0,0.00,NA,NA,0,0,0,0,0,0,NA,93
pico_reply,13:45:13,ACK%2CCAPTURE,0,0.00,NA,NA,0,0,0,0,0,0,NA,93
camera,13:45:16,Camera%20image%20saved%3A%20camera_20260911_134515_369.jpg,0,0.00,NA,NA,0,0,0,0,0,0,NA,93
telemetry,13:45:16,,40,23.76,0.04,6.57,0,823,765,769,770,766,731,93
telemetry,13:45:16,,41,23.29,0.03,6.57,0,293,765,769,770,766,709,93
telemetry,13:45:17,,41,22.82,0.05,6.57,0,720,765,769,770,767,764,93
telemetry,13:45:17,,42,23.76,0.01,6.57,0,97,765,769,770,766,840,93
telemetry,13:45:18,,42,23.29,0.03,6.57,0,511,765,769,770,767,934,93
telemetry,13:45:18,,43,23.29,0.00,6.57,0,2,765,769,770,766,961,93
pc_command,13:45:19,CAPTURE,0,0.00,NA,NA,0,0,0,0,0,0,NA,93
pico_reply,13:45:19,ACK%2CCAPTURE,0,0.00,NA,NA,0,0,0,0,0,0,NA,93
camera,13:45:20,Camera%20image%20saved%3A%20camera_20260911_134519_719.jpg,0,0.00,NA,NA,0,0,0,0,0,0,NA,93
telemetry,13:45:20,,45,23.76,0.01,6.57,0,246,765,769,770,766,923,93
telemetry,13:45:21,,45,22.82,0.02,6.57,0,284,765,769,770,766,801,93
telemetry,13:45:21,,46,23.29,0.03,6.57,0,163,765,769,770,766,685,93
pc_command,13:45:22,CAPTURE,0,0.00,NA,NA,0,0,0,0,0,0,NA,93
pico_reply,13:45:22,ACK%2CCAPTURE,0,0.00,NA,NA,0,0,0,0,0,0,NA,93
camera,13:45:23,Camera%20image%20saved%3A%20camera_20260911_134522_790.jpg,0,0.00,NA,NA,0,0,0,0,0,0,NA,93
telemetry,13:45:23,,48,23.76,0.01,6.57,0,149,765,769,770,766,642,93
telemetry,13:45:24,,48,23.29,0.02,6.57,0,434,765,769,770,767,685,93
pc_command,13:45:24,CAPTURE,0,0.00,NA,NA,0,0,0,0,0,0,NA,93
pico_reply,13:45:24,ACK%2CCAPTURE,0,0.00,NA,NA,0,0,0,0,0,0,NA,93
camera,13:45:25,Camera%20image%20saved%3A%20camera_20260911_134524_837.jpg,0,0.00,NA,NA,0,0,0,0,0,0,NA,93
telemetry,13:45:25,,50,23.76,0.01,6.57,0,301,765,769,770,767,846,93
telemetry,13:45:26,,50,23.76,0.01,6.57,0,157,766,769,770,767,910,93
telemetry,13:45:26,,51,23.76,0.01,6.57,0,0,765,769,770,766,965,93
telemetry,13:45:27,,51,23.76,0.00,6.57,0,629,765,769,770,766,968,93
pc_command,13:45:27,CAPTURE,0,0.00,NA,NA,0,0,0,0,0,0,NA,93
pico_reply,13:45:27,ACK%2CCAPTURE,0,0.00,NA,NA,0,0,0,0,0,0,NA,93
camera,13:45:28,Camera%20image%20saved%3A%20camera_20260911_134527_642.jpg,0,0.00,NA,NA,0,0,0,0,0,0,NA,93
telemetry,13:45:28,,53,23.29,0.00,6.57,0,523,767,771,768,764,941,93
telemetry,13:45:29,,53,25.16,0.01,6.57,0,336,765,769,770,766,836,93
telemetry,13:45:29,,54,23.76,0.02,6.56,0,760,765,769,770,766,814,93
telemetry,13:45:30,,54,24.69,0.00,6.56,0,970,765,769,770,766,562,93
telemetry,13:45:30,,55,23.76,0.03,6.56,0,934,765,769,770,766,543,93
telemetry,13:45:31,,55,23.29,0.01,6.56,0,629,765,769,770,766,670,93
telemetry,13:45:31,,56,23.76,0.02,6.56,0,424,765,769,770,766,694,93
telemetry,13:45:32,,56,24.69,0.01,6.56,0,634,765,769,770,767,613,93
telemetry,13:45:32,,57,23.76,0.02,6.56,0,860,765,769,770,766,740,93
telemetry,13:45:33,,57,23.76,0.01,6.56,0,731,765,769,770,766,667,93
telemetry,13:45:33,,58,23.76,0.01,6.56,0,11,765,769,770,766,738,93
telemetry,13:45:34,,58,23.76,0.02,6.56,0,25,765,769,770,766,825,93
telemetry,13:45:34,,59,23.29,-1.84,6.19,0,965,765,769,770,766,967,93
telemetry,13:45:35,,59,23.76,0.06,6.08,0,441,765,769,770,767,976,93
pc_command,13:45:35,CAPTURE,0,0.00,NA,NA,0,0,0,0,0,0,NA,93
pico_reply,13:45:35,ACK%2CCAPTURE,0,0.00,NA,NA,0,0,0,0,0,0,NA,93
camera,13:45:36,Camera%20image%20saved%3A%20camera_20260911_134535_574.jpg,0,0.00,NA,NA,0,0,0,0,0,0,NA,93
telemetry,13:45:36,,61,24.22,0.01,6.08,0,137,766,769,770,766,947,93
telemetry,13:45:37,,61,23.29,0.00,6.08,0,285,765,770,770,766,942,93
pc_command,13:45:37,CAPTURE,0,0.00,NA,NA,0,0,0,0,0,0,NA,93
pico_reply,13:45:37,ACK%2CCAPTURE,0,0.00,NA,NA,0,0,0,0,0,0,NA,93
camera,13:45:38,Camera%20image%20saved%3A%20camera_20260911_134537_632.jpg,0,0.00,NA,NA,0,0,0,0,0,0,NA,93
telemetry,13:45:38,,63,23.76,0.05,6.08,0,756,765,769,770,767,580,93
telemetry,13:45:39,,63,23.76,0.05,6.08,0,972,765,769,770,766,548,93
pc_command,13:45:39,CAPTURE,0,0.00,NA,NA,0,0,0,0,0,0,NA,93
pico_reply,13:45:39,ACK%2CCAPTURE,0,0.00,NA,NA,0,0,0,0,0,0,NA,93
camera,13:45:40,Camera%20image%20saved%3A%20camera_20260911_134539_679.jpg,0,0.00,NA,NA,0,0,0,0,0,0,NA,93
telemetry,13:45:40,,65,25.16,0.08,6.09,0,47,764,768,768,763,607,93
telemetry,13:45:41,,65,23.76,64.05,42.91,0,170,760,767,769,766,735,93
telemetry,13:45:41,,66,24.22,-6.24,61.64,0,851,762,767,768,766,668,93
telemetry,13:45:42,,66,22.82,-54.59,55.31,0,157,760,767,768,766,765,93
telemetry,13:45:42,,67,23.76,-9.65,39.63,0,723,762,767,768,765,854,93
telemetry,13:45:43,,67,24.22,0.13,40.70,0,779,761,765,768,765,920,93
telemetry,13:45:43,,68,24.22,0.07,40.60,0,16,762,766,768,766,964,93
telemetry,13:45:44,,68,24.22,45.37,57.00,0,874,761,767,768,766,966,93
telemetry,13:45:44,,69,24.22,-47.82,48.41,0,262,761,766,769,765,960,93
telemetry,13:45:45,,69,26.10,-112.70,0.71,0,585,766,767,768,762,967,93
telemetry,13:45:45,,70,24.22,-2.32,-12.23,0,33,756,767,766,765,982,93
telemetry,13:45:46,,70,25.16,-98.66,-54.37,0,198,760,766,765,763,867,93
pc_command,13:45:46,CAPTURE,0,0.00,NA,NA,0,0,0,0,0,0,NA,93
pico_reply,13:45:46,ACK%2CCAPTURE,0,0.00,NA,NA,0,0,0,0,0,0,NA,93
pc_command,13:45:48,CAPTURE,0,0.00,NA,NA,0,0,0,0,0,0,NA,93
camera,13:45:48,Camera%20image%20saved%3A%20camera_20260911_134546_580.jpg,0,0.00,NA,NA,0,0,0,0,0,0,NA,93
telemetry,13:45:48,,72,23.76,136.41,-31.43,0,548,766,769,766,765,542,93
telemetry,13:45:48,,72,24.22,-182.59,-9.55,0,753,767,769,768,766,662,93
pico_reply,13:45:48,ACK%2CCAPTURE,0,0.00,NA,NA,0,0,0,0,0,0,NA,93
camera,13:45:49,Camera%20image%20saved%3A%20camera_20260911_134548_873.jpg,0,0.00,NA,NA,0,0,0,0,0,0,NA,93
telemetry,13:45:49,,73,24.22,149.22,-41.75,0,804,766,769,768,766,605,93
pc_command,13:45:49,CAPTURE,0,0.00,NA,NA,0,0,0,0,0,0,NA,93
pico_reply,13:45:49,ACK%2CCAPTURE,0,0.00,NA,NA,0,0,0,0,0,0,NA,93
camera,13:45:50,Camera%20image%20saved%3A%20camera_20260911_134549_915.jpg,0,0.00,NA,NA,0,0,0,0,0,0,NA,93
telemetry,13:45:50,,75,24.22,-65.83,-95.15,0,107,766,769,766,767,783,93
telemetry,13:45:51,,75,24.22,-30.28,-120.00,0,60,766,769,767,767,887,93
telemetry,13:45:51,,76,24.22,115.39,-97.40,0,896,764,769,768,767,940,93
telemetry,13:45:52,,76,23.76,44.60,-57.41,0,124,766,770,768,766,990,93
telemetry,13:45:52,,77,25.16,-7.59,-48.99,0,114,766,769,768,766,985,93
telemetry,13:45:53,,77,24.69,-28.20,-53.79,0,316,766,770,768,766,987,93
telemetry,13:45:53,,78,24.69,-55.17,-98.93,0,469,766,769,764,766,990,93
telemetry,13:45:54,,79,24.22,-2.86,-108.34,0,970,748,769,762,766,979,93
telemetry,13:45:54,,79,24.22,-11.01,-106.14,0,569,468,769,766,766,925,93
telemetry,13:45:55,,80,25.16,0.22,-107.39,0,364,630,770,767,764,812,93
telemetry,13:45:55,,80,24.22,0.04,-107.39,0,61,603,770,767,764,690,93
telemetry,13:45:56,,81,24.69,0.01,-107.39,0,979,452,769,767,766,566,93
telemetry,13:45:56,,81,25.63,-5.43,-107.56,0,367,299,766,767,765,579,93
telemetry,13:45:57,,82,24.22,4.10,-108.11,0,617,351,766,768,766,683,93
telemetry,13:45:57,,82,23.76,-27.95,-111.48,0,471,399,761,766,766,661,93
telemetry,13:45:58,,83,24.69,-37.93,-124.70,0,282,470,764,768,767,591,93
telemetry,13:45:58,,83,24.22,-5.74,-136.93,0,790,384,569,768,768,730,93
telemetry,13:45:59,,84,24.22,63.53,-118.59,0,288,424,664,768,766,665,93
telemetry,13:45:59,,84,24.22,63.20,-92.22,0,522,323,757,769,765,730,93
pc_command,13:46:00,CAPTURE,0,0.00,NA,NA,0,0,0,0,0,0,NA,93
telemetry,13:46:00,,85,24.69,32.34,-62.05,0,714,322,555,770,763,814,93
pico_reply,13:46:00,ACK%2CCAPTURE,0,0.00,NA,NA,0,0,0,0,0,0,NA,93
pc_command,13:46:01,CAPTURE,0,0.00,NA,NA,0,0,0,0,0,0,NA,93
camera,13:46:01,Camera%20image%20saved%3A%20camera_20260911_134600_665.jpg,0,0.00,NA,NA,0,0,0,0,0,0,NA,93
pico_reply,13:46:01,ERROR%2CCAMERA_BUSY,0,0.00,NA,NA,0,0,0,0,0,0,NA,93
telemetry,13:46:01,,86,23.76,6.93,-31.94,0,671,297,665,770,765,983,93
telemetry,13:46:02,,86,23.76,-1.98,-32.03,0,875,277,661,770,765,986,93
pc_command,13:46:02,CAPTURE,0,0.00,NA,NA,0,0,0,0,0,0,NA,93
pico_reply,13:46:02,ACK%2CCAPTURE,0,0.00,NA,NA,0,0,0,0,0,0,NA,93
camera,13:46:03,Camera%20image%20saved%3A%20camera_20260911_134602_710.jpg,0,0.00,NA,NA,0,0,0,0,0,0,NA,93
telemetry,13:46:03,,88,24.69,0.84,-33.19,0,20,273,667,770,765,920,93
telemetry,13:46:04,,88,24.69,0.07,-33.40,0,357,282,690,770,764,854,93
telemetry,13:46:04,,89,24.69,0.47,-33.69,0,743,277,695,770,765,796,93
telemetry,13:46:05,,89,24.69,-2.57,-34.35,0,293,286,702,770,764,612,93
telemetry,13:46:05,,90,24.22,0.44,-34.78,0,235,282,715,770,764,554,93
telemetry,13:46:06,,90,24.69,0.94,-35.03,0,476,284,726,770,764,659,93
telemetry,13:46:06,,91,24.22,0.18,-35.15,0,347,282,735,770,764,712,93
telemetry,13:46:07,,91,24.69,1.70,-35.06,0,909,283,726,770,764,684,93
telemetry,13:46:07,,92,24.69,0.30,-35.10,0,172,283,736,770,764,586,93
telemetry,13:46:08,,92,24.22,0.27,-35.15,0,144,286,727,770,764,722,93
telemetry,13:46:08,,93,24.69,0.72,-35.01,0,342,283,742,771,764,701,93
telemetry,13:46:09,,93,23.76,0.52,-34.95,0,642,282,734,770,764,716,93
telemetry,13:46:09,,94,24.69,0.36,-35.03,0,796,283,749,770,764,854,93
telemetry,13:46:10,,94,24.69,-29.97,-37.23,0,399,290,754,770,763,899,93
telemetry,13:46:10,,95,24.69,-40.07,-71.70,0,945,312,689,769,760,960,93
telemetry,13:46:11,,95,24.22,-12.61,-88.99,0,685,320,580,765,762,988,93
telemetry,13:46:11,,96,24.69,-18.34,-93.91,0,557,316,765,767,762,991,93
telemetry,13:46:12,,96,24.69,0.36,-99.25,0,279,622,769,767,764,973,93
telemetry,13:46:12,,97,24.69,0.01,-99.23,0,885,768,770,768,766,959,93
telemetry,13:46:13,,97,25.16,0.02,-99.22,0,960,768,770,767,766,975,93
telemetry,13:46:13,,98,23.76,0.01,-99.22,0,631,770,770,767,766,858,93
telemetry,13:46:14,,98,24.69,0.03,-99.21,0,707,768,770,767,766,768,93
telemetry,13:46:14,,99,24.69,0.00,-99.21,0,539,768,770,768,767,711,93
pc_command,13:46:14,CAPTURE,0,0.00,NA,NA,0,0,0,0,0,0,NA,93
pico_reply,13:46:14,ACK%2CCAPTURE,0,0.00,NA,NA,0,0,0,0,0,0,NA,93
camera,13:46:16,Camera%20image%20saved%3A%20camera_20260911_134615_239.jpg,0,0.00,NA,NA,0,0,0,0,0,0,NA,93
telemetry,13:46:16,,100,23.76,0.02,-99.21,0,73,768,770,768,767,672,93
pc_command,13:46:16,CAPTURE,0,0.00,NA,NA,0,0,0,0,0,0,NA,93
pico_reply,13:46:16,ACK%2CCAPTURE,0,0.00,NA,NA,0,0,0,0,0,0,NA,93
pc_command,13:46:17,CAPTURE,0,0.00,NA,NA,0,0,0,0,0,0,NA,93
camera,13:46:17,Camera%20image%20saved%3A%20camera_20260911_134616_520.jpg,0,0.00,NA,NA,0,0,0,0,0,0,NA,93
pico_reply,13:46:17,ERROR%2CCAMERA_BUSY,0,0.00,NA,NA,0,0,0,0,0,0,NA,93
telemetry,13:46:17,,102,24.69,0.04,-99.21,0,362,768,770,768,767,598,93
telemetry,13:46:18,,102,24.69,0.06,-99.21,0,186,768,770,768,767,730,93
telemetry,13:46:18,,103,25.16,0.01,-99.21,0,744,768,770,768,767,687,93
telemetry,13:46:19,,103,24.22,0.02,-99.21,0,384,768,770,768,767,731,93
telemetry,13:46:19,,104,26.57,0.01,-99.21,0,197,768,770,768,767,792,93
telemetry,13:46:20,,104,24.69,0.01,-99.21,0,353,768,770,767,767,871,93
telemetry,13:46:20,,105,22.82,0.03,-99.21,0,566,768,770,768,767,949,93
telemetry,13:46:21,,105,25.16,0.03,-99.22,0,443,768,770,768,767,960,93
telemetry,13:46:21,,106,24.69,0.10,-99.23,0,528,768,770,767,767,959,93
telemetry,13:46:22,,106,23.29,0.05,-99.23,0,241,768,770,767,767,973,93
telemetry,13:46:22,,107,24.69,0.02,-99.23,0,658,768,770,767,767,960,93
telemetry,13:46:23,,107,24.69,0.01,-99.23,0,39,768,770,768,767,911,93
telemetry,13:46:23,,108,25.16,0.01,-99.24,0,445,768,770,767,767,901,93
telemetry,13:46:24,,108,24.69,0.01,-99.23,0,143,768,770,767,767,827,93
telemetry,13:46:24,,109,24.69,0.02,-99.24,0,597,768,770,767,767,730,93
telemetry,13:46:25,,109,25.16,0.03,-99.24,0,363,768,770,767,767,568,93
telemetry,13:46:25,,110,24.69,0.02,-99.24,0,112,768,770,767,767,546,93
telemetry,13:46:26,,110,23.29,0.04,-99.24,0,384,764,769,768,756,588,93
telemetry,13:46:26,,111,25.63,112.46,-57.60,0,145,763,754,769,761,591,93
telemetry,13:46:27,,111,24.69,174.41,-18.45,0,513,749,766,770,746,575,93
telemetry,13:46:27,,112,24.69,-31.59,0.10,0,329,392,763,768,765,679,93
telemetry,13:46:28,,112,24.69,0.89,-4.38,0,58,298,706,769,659,658,93
telemetry,13:46:28,,113,25.16,0.04,-6.14,0,914,416,766,770,765,600,93
telemetry,13:46:29,,113,26.10,0.00,-6.14,0,306,765,770,770,763,741,93
telemetry,13:46:29,,114,23.29,0.00,-6.13,0,481,766,769,770,766,685,93
telemetry,13:46:30,,114,24.69,0.02,-6.13,0,165,766,770,771,766,749,93
pc_command,13:46:30,CAPTURE,0,0.00,NA,NA,0,0,0,0,0,0,NA,93
pico_reply,13:46:30,ACK%2CCAPTURE,0,0.00,NA,NA,0,0,0,0,0,0,NA,93
camera,13:46:31,Camera%20image%20saved%3A%20camera_20260911_134630_337.jpg,0,0.00,NA,NA,0,0,0,0,0,0,NA,93
telemetry,13:46:31,,115,24.22,0.02,-6.13,0,221,766,770,771,766,920,93
pc_command,13:46:31,CAPTURE,0,0.00,NA,NA,0,0,0,0,0,0,NA,93
pico_reply,13:46:31,ACK%2CCAPTURE,0,0.00,NA,NA,0,0,0,0,0,0,NA,93
pc_command,13:46:32,CAPTURE,0,0.00,NA,NA,0,0,0,0,0,0,NA,93
camera,13:46:32,Camera%20image%20saved%3A%20camera_20260911_134631_884.jpg,0,0.00,NA,NA,0,0,0,0,0,0,NA,93
pico_reply,13:46:32,ERROR%2CCAMERA_BUSY,0,0.00,NA,NA,0,0,0,0,0,0,NA,93
telemetry,13:46:32,,117,24.69,0.01,-6.13,0,742,767,770,770,766,974,93
telemetry,13:46:33,,117,25.16,0.03,-6.14,0,922,766,770,770,766,960,93
pc_command,13:46:33,CAPTURE,0,0.00,NA,NA,0,0,0,0,0,0,NA,93
pico_reply,13:46:33,ACK%2CCAPTURE,0,0.00,NA,NA,0,0,0,0,0,0,NA,93
pc_command,13:46:34,CAPTURE,0,0.00,NA,NA,0,0,0,0,0,0,NA,93
camera,13:46:34,Camera%20image%20saved%3A%20camera_20260911_134633_930.jpg,0,0.00,NA,NA,0,0,0,0,0,0,NA,93
pico_reply,13:46:34,ERROR%2CCAMERA_BUSY,0,0.00,NA,NA,0,0,0,0,0,0,NA,93
telemetry,13:46:34,,119,25.16,0.02,-6.16,0,2,766,770,770,766,756,93
telemetry,13:46:35,,120,26.10,0.01,-6.16,0,266,766,770,770,766,702,93
telemetry,13:46:35,,120,25.16,0.00,-6.17,0,883,766,770,770,766,565,93
pc_command,13:46:35,CAPTURE,0,0.00,NA,NA,0,0,0,0,0,0,NA,93
pico_reply,13:46:36,ACK%2CCAPTURE,0,0.00,NA,NA,0,0,0,0,0,0,NA,93
pc_command,13:46:37,CAPTURE,0,0.00,NA,NA,0,0,0,0,0,0,NA,93
camera,13:46:37,Camera%20image%20saved%3A%20camera_20260911_134636_478.jpg,0,0.00,NA,NA,0,0,0,0,0,0,NA,93
pico_reply,13:46:37,ERROR%2CCAMERA_BUSY,0,0.00,NA,NA,0,0,0,0,0,0,NA,93
telemetry,13:46:37,,122,24.69,0.00,-6.17,0,682,766,769,770,766,661,93
telemetry,13:46:37,,122,26.10,0.00,-6.17,0,817,767,769,771,766,669,93
pc_command,13:46:38,CAPTURE,0,0.00,NA,NA,0,0,0,0,0,0,NA,93
pico_reply,13:46:38,ACK%2CCAPTURE,0,0.00,NA,NA,0,0,0,0,0,0,NA,93
pc_command,13:46:39,CAPTURE,0,0.00,NA,NA,0,0,0,0,0,0,NA,93
camera,13:46:39,Camera%20image%20saved%3A%20camera_20260911_134638_536.jpg,0,0.00,NA,NA,0,0,0,0,0,0,NA,93
pico_reply,13:46:39,ERROR%2CCAMERA_BUSY,0,0.00,NA,NA,0,0,0,0,0,0,NA,93
telemetry,13:46:39,,124,25.16,0.01,-6.16,0,180,764,769,770,766,608,93
telemetry,13:46:40,,124,24.69,0.06,-6.17,0,416,766,769,770,766,735,93
pc_command,13:46:40,CAPTURE,0,0.00,NA,NA,0,0,0,0,0,0,NA,93
pico_reply,13:46:40,ACK%2CCAPTURE,0,0.00,NA,NA,0,0,0,0,0,0,NA,93
camera,13:46:41,Camera%20image%20saved%3A%20camera_20260911_134640_588.jpg,0,0.00,NA,NA,0,0,0,0,0,0,NA,93
telemetry,13:46:41,,126,24.69,0.02,-6.16,0,292,767,769,770,766,794,93
telemetry,13:46:42,,126,24.22,0.01,-6.17,0,512,767,769,770,766,903,93
telemetry,13:46:42,,127,24.69,0.04,-6.16,0,41,767,770,770,766,966,93
telemetry,13:46:43,,127,24.69,0.02,-6.16,0,872,767,769,770,766,979,93
telemetry,13:46:43,,128,25.16,0.01,-6.17,0,727,767,769,770,766,979,93
telemetry,13:46:44,,128,24.22,0.03,-6.17,0,816,767,769,770,766,975,93
telemetry,13:46:44,,129,25.16,0.00,-6.17,0,22,767,770,770,766,930,93
telemetry,13:46:45,,129,25.63,0.01,-6.17,0,956,767,769,770,766,899,93
telemetry,13:46:45,,130,25.63,0.01,-6.16,0,83,767,770,770,766,800,93
telemetry,13:46:46,,130,23.76,0.05,-6.16,0,491,767,769,770,766,723,93
telemetry,13:46:46,,131,23.76,0.01,-6.17,0,580,767,770,770,766,580,93
telemetry,13:46:47,,131,25.16,0.13,-6.16,0,971,765,769,770,766,544,93
telemetry,13:46:47,,132,24.69,0.24,-6.16,0,200,767,764,770,669,648,93
telemetry,13:46:48,,132,25.16,-15.55,-13.04,0,86,767,766,770,616,700,93
telemetry,13:46:48,,133,25.16,-12.00,-22.83,0,304,767,766,770,671,674,93
telemetry,13:46:49,,133,23.29,54.89,-5.55,0,458,766,767,770,692,587,93
telemetry,13:46:49,,134,25.16,18.81,8.64,0,813,766,768,771,686,725,93
telemetry,13:46:50,,134,25.16,14.11,16.73,0,471,765,768,770,654,730,93
telemetry,13:46:50,,135,25.16,16.27,25.32,0,817,764,767,771,720,768,93
telemetry,13:46:51,,135,24.69,10.08,31.99,0,954,763,767,770,744,844,93
telemetry,13:46:51,,136,25.16,44.02,39.09,0,233,762,767,770,757,888,93
telemetry,13:46:52,,136,25.16,8.54,50.14,0,324,763,767,770,760,880,93
telemetry,13:46:52,,137,25.16,30.63,60.16,0,113,765,767,769,762,876,93
telemetry,13:46:53,,137,24.69,0.36,71.91,0,524,764,766,768,765,863,93
telemetry,13:46:53,,138,26.10,0.14,70.77,0,464,765,768,770,768,945,93
telemetry,13:46:54,,138,25.16,0.08,70.76,0,178,765,768,770,768,978,93
telemetry,13:46:54,,139,23.76,0.03,70.76,0,895,765,768,770,768,976,93
telemetry,13:46:55,,139,26.10,0.00,70.76,0,297,765,767,770,768,968,93
telemetry,13:46:55,,140,25.16,0.01,70.76,0,841,765,767,770,768,962,93
telemetry,13:46:56,,140,26.57,0.01,70.76,0,727,765,767,770,768,958,93
telemetry,13:46:56,,141,24.69,0.02,70.76,0,593,765,767,770,768,852,93
telemetry,13:46:57,,141,26.57,0.02,70.76,0,712,765,767,770,768,767,93
telemetry,13:46:57,,142,26.10,0.04,70.76,0,160,764,767,770,769,555,93
pc_command,13:46:57,CAPTURE,0,0.00,NA,NA,0,0,0,0,0,0,NA,93
pico_reply,13:46:57,ACK%2CCAPTURE,0,0.00,NA,NA,0,0,0,0,0,0,NA,93
camera,13:46:59,Camera%20image%20saved%3A%20camera_20260911_134657_973.jpg,0,0.00,NA,NA,0,0,0,0,0,0,NA,93
telemetry,13:46:59,,143,25.63,-1.70,67.29,0,97,645,767,770,768,687,93
pc_command,13:46:59,CAPTURE,0,0.00,NA,NA,0,0,0,0,0,0,NA,93
pico_reply,13:46:59,ACK%2CCAPTURE,0,0.00,NA,NA,0,0,0,0,0,0,NA,93
pc_command,13:47:00,CAPTURE,0,0.00,NA,NA,0,0,0,0,0,0,NA,93
camera,13:47:00,Camera%20image%20saved%3A%20camera_20260911_134659_509.jpg,0,0.00,NA,NA,0,0,0,0,0,0,NA,93
pico_reply,13:47:00,ERROR%2CCAMERA_BUSY,0,0.00,NA,NA,0,0,0,0,0,0,NA,93
telemetry,13:47:00,,145,25.16,-10.75,47.05,0,820,759,768,770,768,733,93
telemetry,13:47:00,,145,26.57,-10.47,41.67,0,114,760,768,770,768,686,93
pc_command,13:47:01,CAPTURE,0,0.00,NA,NA,0,0,0,0,0,0,NA,93
pico_reply,13:47:01,ACK%2CCAPTURE,0,0.00,NA,NA,0,0,0,0,0,0,NA,93
pc_command,13:47:02,CAPTURE,0,0.00,NA,NA,0,0,0,0,0,0,NA,93
camera,13:47:02,Camera%20image%20saved%3A%20camera_20260911_134701_566.jpg,0,0.00,NA,NA,0,0,0,0,0,0,NA,93
pico_reply,13:47:02,ERROR%2CCAMERA_BUSY,0,0.00,NA,NA,0,0,0,0,0,0,NA,93
telemetry,13:47:02,,147,25.16,-9.20,20.11,0,86,765,768,770,767,756,93
telemetry,13:47:03,,147,25.63,-6.76,16.66,0,343,766,768,771,768,747,93
pc_command,13:47:03,CAPTURE,0,0.00,NA,NA,0,0,0,0,0,0,NA,93
pico_reply,13:47:03,ACK%2CCAPTURE,0,0.00,NA,NA,0,0,0,0,0,0,NA,93
pc_command,13:47:04,CAPTURE,0,0.00,NA,NA,0,0,0,0,0,0,NA,93
camera,13:47:04,Camera%20image%20saved%3A%20camera_20260911_134703_615.jpg,0,0.00,NA,NA,0,0,0,0,0,0,NA,93
pico_reply,13:47:04,ERROR%2CCAMERA_BUSY,0,0.00,NA,NA,0,0,0,0,0,0,NA,93
telemetry,13:47:04,,149,25.16,-13.45,1.05,0,363,767,769,770,766,956,93
telemetry,13:47:05,,149,25.16,0.32,-2.74,0,691,766,769,770,766,974,93
pc_command,13:47:05,CAPTURE,0,0.00,NA,NA,0,0,0,0,0,0,NA,93
pico_reply,13:47:05,ACK%2CCAPTURE,0,0.00,NA,NA,0,0,0,0,0,0,NA,93
pc_command,13:47:06,CAPTURE,0,0.00,NA,NA,0,0,0,0,0,0,NA,93
camera,13:47:06,Camera%20image%20saved%3A%20camera_20260911_134705_660.jpg,0,0.00,NA,NA,0,0,0,0,0,0,NA,93
pico_reply,13:47:06,ERROR%2CCAMERA_BUSY,0,0.00,NA,NA,0,0,0,0,0,0,NA,93
telemetry,13:47:06,,151,25.63,-19.53,-25.36,0,590,767,770,770,764,972,93
telemetry,13:47:07,,151,26.10,-21.16,-34.87,0,1,767,770,770,762,861,93
pc_command,13:47:07,CAPTURE,0,0.00,NA,NA,0,0,0,0,0,0,NA,93
pico_reply,13:47:07,ACK%2CCAPTURE,0,0.00,NA,NA,0,0,0,0,0,0,NA,93
camera,13:47:09,Camera%20image%20saved%3A%20camera_20260911_134708_220.jpg,0,0.00,NA,NA,0,0,0,0,0,0,NA,93
telemetry,13:47:09,,153,25.63,7.93,-67.01,0,968,767,772,769,700,592,93
telemetry,13:47:09,,154,26.10,4.76,-65.55,0,775,767,771,769,728,549,93
telemetry,13:47:10,,154,26.57,12.21,-62.30,0,154,767,771,768,705,550,93
telemetry,13:47:10,,155,25.16,5.43,-57.59,0,1,767,771,769,753,587,93
telemetry,13:47:11,,155,25.63,36.12,-48.28,0,596,767,770,769,760,689,93
telemetry,13:47:11,,156,25.16,21.67,-35.43,0,435,767,770,769,763,664,93
telemetry,13:47:12,,156,24.69,25.92,-12.00,0,920,766,770,770,765,599,93
telemetry,13:47:12,,157,26.10,4.27,1.94,0,446,765,769,771,767,736,93
telemetry,13:47:13,,157,26.10,0.99,9.28,0,532,765,768,770,767,675,93
telemetry,13:47:13,,158,26.10,11.03,12.31,0,734,766,768,771,767,752,93
telemetry,13:47:14,,158,25.16,27.73,20.12,0,45,765,766,771,768,848,93
telemetry,13:47:14,,159,25.16,4.04,31.73,0,11,762,767,771,768,883,93
telemetry,13:47:15,,159,26.57,12.50,40.69,0,468,758,766,770,768,961,93
telemetry,13:47:15,,160,25.63,0.26,40.62,0,944,765,768,770,768,981,93
telemetry,13:47:16,,160,25.63,0.02,40.60,0,257,765,769,771,768,976,93
telemetry,13:47:16,,161,25.16,0.00,40.60,0,736,765,768,770,769,964,93
telemetry,13:47:17,,161,27.50,0.01,40.59,0,306,765,769,770,768,968,93
telemetry,13:47:17,,162,25.63,0.01,40.59,0,499,767,769,770,768,968,93
telemetry,13:47:18,,162,27.03,0.00,40.59,0,729,765,768,770,768,968,93
telemetry,13:47:18,,163,26.10,0.05,40.59,0,201,765,768,770,768,962,93
telemetry,13:47:19,,163,25.16,0.01,40.59,0,72,765,768,770,769,941,93
telemetry,13:47:19,,164,26.10,0.01,40.58,0,554,765,769,770,768,906,93
telemetry,13:47:20,,164,24.69,0.00,40.58,0,913,765,768,770,768,840,93
telemetry,13:47:20,,165,27.03,0.05,40.58,0,584,765,769,770,768,691,93
telemetry,13:47:21,,165,26.10,0.01,40.58,0,547,765,768,770,768,564,93
telemetry,13:47:21,,166,26.10,0.00,40.58,0,229,765,769,770,768,603,93
telemetry,13:47:22,,166,26.10,0.06,40.58,0,69,765,769,770,768,710,93
telemetry,13:47:22,,167,26.10,0.01,40.58,0,134,765,769,771,768,672,93
telemetry,13:47:23,,167,25.16,0.02,40.58,0,655,765,769,770,768,600,93
telemetry,13:47:23,,168,26.10,0.00,40.58,0,827,765,769,770,768,738,93
telemetry,13:47:24,,168,26.57,0.02,40.58,0,872,765,769,770,768,672,93
telemetry,13:47:24,,169,25.63,0.05,40.58,0,498,765,769,770,768,738,93
telemetry,13:47:25,,169,25.63,0.00,40.58,0,733,765,768,771,768,739,93
telemetry,13:47:25,,170,25.16,0.00,40.58,0,618,765,768,770,768,763,93
telemetry,13:47:26,,170,26.10,0.02,40.58,0,317,765,769,771,768,764,93
telemetry,13:47:26,,171,26.10,0.01,40.58,0,996,765,769,770,768,765,93
telemetry,13:47:27,,171,25.16,0.01,40.58,0,791,765,769,771,768,835,93
telemetry,13:47:27,,172,26.10,0.02,40.58,0,637,764,769,770,768,938,93
telemetry,13:47:28,,172,26.57,0.00,40.58,0,788,766,769,770,768,971,93
telemetry,13:47:28,,173,26.10,0.01,40.58,0,431,764,768,770,768,966,93
telemetry,13:47:29,,173,26.10,0.02,40.58,0,70,764,768,770,768,963,93
telemetry,13:47:29,,174,26.10,0.02,40.58,0,750,764,768,769,770,957,93
telemetry,13:47:30,,174,26.10,0.01,40.58,0,639,764,769,770,768,966,93
telemetry,13:47:30,,175,25.16,0.04,40.58,0,766,765,768,770,768,878,93
telemetry,13:47:31,,176,26.10,0.01,40.58,0,882,765,769,770,769,801,93
telemetry,13:47:31,,176,25.16,0.02,40.58,0,893,765,768,770,768,672,93
telemetry,13:47:32,,177,25.16,0.01,40.58,0,567,765,769,771,768,566,93
telemetry,13:47:32,,177,26.57,0.00,40.58,0,468,765,768,770,768,573,93
telemetry,13:47:33,,178,26.10,0.01,40.58,0,196,765,768,770,769,668,93
telemetry,13:47:33,,178,26.57,0.01,40.58,0,586,765,769,770,768,681,93
telemetry,13:47:34,,179,28.44,0.01,40.58,0,654,765,769,770,768,608,93
telemetry,13:47:34,,179,26.10,0.00,40.58,0,799,765,769,770,768,661,93
telemetry,13:47:35,,180,26.10,0.00,40.58,0,386,765,769,770,768,726,93
telemetry,13:47:35,,180,26.10,0.04,40.58,0,460,765,769,771,768,727,93
telemetry,13:47:36,,181,25.63,0.00,40.58,0,415,765,769,770,768,726,93
telemetry,13:47:36,,181,26.10,0.03,40.58,0,218,765,769,771,768,709,93
telemetry,13:47:37,,182,25.16,0.02,40.58,0,491,765,769,770,768,704,93
telemetry,13:47:38,,182,26.10,0.03,40.58,0,711,765,769,770,768,781,93
telemetry,13:47:38,,183,26.10,0.01,40.58,0,354,765,769,770,768,765,93
telemetry,13:47:39,,183,26.10,0.04,40.58,0,777,765,769,770,768,851,93
telemetry,13:47:39,,184,27.03,0.01,40.58,0,318,764,769,770,768,928,93
telemetry,13:47:40,,184,25.16,0.01,40.58,0,679,765,769,770,768,954,93
telemetry,13:47:40,,185,26.10,0.01,40.58,0,192,765,768,770,768,949,93
telemetry,13:47:41,,185,26.10,0.02,40.58,0,410,765,769,770,768,962,93
telemetry,13:47:41,,186,26.10,0.01,40.58,0,412,765,768,770,768,950,93
telemetry,13:47:42,,186,26.10,0.01,40.58,0,692,765,768,770,768,903,93
telemetry,13:47:42,,187,26.10,0.00,40.58,0,246,765,768,770,768,840,93
telemetry,13:47:43,,187,26.10,0.02,40.58,0,746,765,768,771,768,727,93
telemetry,13:47:43,,188,26.57,0.04,40.58,0,654,764,768,770,768,599,93
telemetry,13:47:44,,188,26.10,0.01,40.58,0,704,765,768,770,768,537,93
telemetry,13:47:44,,189,26.57,0.01,40.58,0,485,765,768,770,768,645,93
telemetry,13:47:45,,189,26.10,0.01,40.58,0,135,765,768,770,768,695,93
telemetry,13:47:45,,190,26.57,0.03,40.58,0,695,765,768,770,768,665,93
telemetry,13:47:46,,190,26.57,0.01,40.58,0,151,765,768,770,768,641,93
telemetry,13:47:46,,191,26.10,0.00,40.58,0,745,765,768,770,768,597,93
telemetry,13:47:47,,191,25.63,0.03,40.58,0,987,764,768,770,768,610,93
telemetry,13:47:47,,192,26.10,0.01,40.58,0,450,763,768,770,768,627,93
telemetry,13:47:48,,192,26.10,0.02,40.58,0,919,763,769,770,768,733,93
telemetry,13:47:48,,193,26.10,0.03,40.58,0,135,761,768,770,768,696,93
telemetry,13:47:49,,193,25.63,0.01,40.58,0,620,760,768,770,768,747,93
telemetry,13:47:49,,194,26.10,0.02,40.59,0,88,759,768,770,768,838,93
telemetry,13:47:50,,194,26.57,0.01,40.59,0,435,760,768,770,768,881,93
telemetry,13:47:50,,195,26.57,0.00,40.59,0,537,760,767,770,768,956,93
telemetry,13:47:51,,195,26.10,0.02,40.59,0,251,760,767,770,768,964,93
telemetry,13:47:51,,196,26.10,0.02,40.59,0,849,760,768,770,768,956,93
telemetry,13:47:52,,196,26.10,0.02,40.59,0,537,760,768,770,768,958,93
telemetry,13:47:52,,197,25.63,0.02,40.59,0,210,760,768,770,768,948,93
telemetry,13:47:53,,197,26.57,0.05,40.58,0,35,761,768,770,768,902,93
telemetry,13:47:53,,198,26.57,0.01,40.58,0,181,761,767,770,768,827,93
telemetry,13:47:54,,198,26.10,0.01,40.59,0,263,761,768,770,768,818,93
telemetry,13:47:54,,199,26.10,0.00,40.59,0,550,761,767,770,768,820,93
telemetry,13:47:55,,199,26.57,0.01,40.59,0,40,762,768,770,768,820,93
telemetry,13:47:55,,200,26.10,0.00,40.59,0,777,761,768,770,768,820,93
telemetry,13:47:56,,200,26.10,0.01,40.59,0,955,762,768,770,768,822,93
telemetry,13:47:56,,201,26.10,0.02,40.59,0,928,761,768,770,768,590,93
telemetry,13:47:57,,201,25.16,0.01,40.59,0,321,762,768,770,768,547,93
telemetry,13:47:57,,202,26.10,0.01,40.59,0,120,761,767,770,768,652,93
telemetry,13:47:58,,202,25.63,0.04,40.59,0,520,762,768,770,768,707,93
telemetry,13:47:58,,203,26.10,0.02,40.59,0,968,761,767,770,768,677,93
telemetry,13:47:59,,203,27.03,0.03,40.59,0,345,761,768,770,768,610,93
telemetry,13:47:59,,204,26.10,0.01,40.59,0,623,761,768,770,768,709,93
telemetry,13:48:00,,204,24.22,0.03,40.59,0,287,761,768,770,768,747,93
telemetry,13:48:00,,205,26.57,0.01,40.59,0,338,761,768,770,768,742,93
telemetry,13:48:01,,205,26.57,0.00,40.59,0,922,761,767,770,768,816,93
telemetry,13:48:01,,206,25.63,0.01,40.59,0,100,761,767,770,768,930,93
telemetry,13:48:02,,206,26.57,0.03,40.59,0,618,761,767,771,768,975,93
telemetry,13:48:02,,207,26.10,0.02,40.59,0,817,761,767,770,768,976,93
telemetry,13:48:03,,207,27.50,0.04,40.59,0,823,762,768,770,768,978,93
telemetry,13:48:03,,208,26.10,0.02,40.59,0,453,762,768,770,768,978,93
telemetry,13:48:04,,208,27.50,0.00,40.59,0,868,761,768,770,768,976,93
telemetry,13:48:04,,209,25.16,0.01,40.59,0,969,760,767,770,768,977,93
telemetry,13:48:05,,209,26.57,0.01,40.59,0,506,760,768,770,768,977,93
telemetry,13:48:05,,210,27.03,0.01,40.59,0,36,762,767,770,768,974,93
telemetry,13:48:06,,210,27.03,0.05,40.59,0,377,762,768,771,768,938,93
telemetry,13:48:06,,211,27.97,0.05,40.59,0,738,760,768,770,768,894,93
telemetry,13:48:07,,211,26.10,0.02,40.59,0,71,761,768,770,768,820,93
telemetry,13:48:07,,212,26.10,0.01,40.59,0,42,760,768,770,768,733,93
telemetry,13:48:08,,212,26.10,0.01,40.59,0,18,763,769,770,768,613,93
telemetry,13:48:08,,213,26.57,0.02,40.59,0,997,763,769,770,768,555,93
telemetry,13:48:09,,213,26.57,0.03,40.59,0,545,763,769,770,768,678,93
telemetry,13:48:09,,214,27.03,0.01,40.59,0,973,763,768,770,768,715,93
telemetry,13:48:10,,214,26.57,0.02,40.59,0,290,763,769,770,768,627,93
telemetry,13:48:10,,215,26.57,0.02,40.59,0,530,764,768,770,768,689,93
telemetry,13:48:11,,215,26.57,0.01,40.59,0,419,763,767,770,768,703,93
telemetry,13:48:11,,216,26.57,0.01,40.59,0,211,763,767,770,768,711,93
telemetry,13:48:12,,216,27.03,0.00,40.59,0,517,762,768,770,768,757,93
telemetry,13:48:12,,217,26.57,0.02,40.59,0,901,761,768,770,768,759,93
telemetry,13:48:13,,217,25.63,0.00,40.59,0,496,762,768,771,768,742,93
telemetry,13:48:13,,218,26.10,0.00,40.59,0,977,762,768,770,768,816,93
telemetry,13:48:14,,218,27.03,0.03,40.59,0,831,763,768,770,768,804,93
telemetry,13:48:14,,219,26.57,0.02,40.59,0,165,763,768,770,768,850,93
telemetry,13:48:15,,219,25.16,0.01,40.59,0,2,764,768,770,768,937,93
telemetry,13:48:15,,220,26.57,0.02,40.59,0,520,763,767,770,768,964,93
telemetry,13:48:16,,220,26.57,0.01,40.59,0,358,763,768,770,768,970,93
telemetry,13:48:16,,221,26.57,0.03,40.59,0,207,764,768,770,768,963,93
telemetry,13:48:17,,221,27.03,0.01,40.59,0,838,765,769,771,768,952,93
telemetry,13:48:17,,222,26.10,0.02,40.59,0,487,762,769,770,768,927,93
telemetry,13:48:18,,222,26.57,0.02,40.59,0,427,764,769,770,768,848,93
telemetry,13:48:18,,223,27.03,0.04,40.59,0,733,764,769,770,768,725,93
telemetry,13:48:19,,223,27.50,0.02,40.59,0,11,764,769,770,768,610,93
telemetry,13:48:19,,224,26.57,0.02,40.59,0,207,764,769,771,768,548,93
telemetry,13:48:20,,224,26.10,0.01,40.59,0,267,764,769,770,768,553,93
telemetry,13:48:20,,225,26.57,0.02,40.59,0,587,764,769,770,768,553,93
telemetry,13:48:21,,226,26.57,0.00,40.59,0,509,763,769,770,768,553,93
telemetry,13:48:21,,226,26.10,0.01,40.59,0,127,762,769,770,768,553,93
telemetry,13:48:22,,227,26.57,0.02,40.59,0,597,764,769,770,768,642,93
telemetry,13:48:22,,227,26.57,0.02,40.59,0,267,762,769,770,768,705,93
telemetry,13:48:23,,228,26.10,-25.07,39.38,0,573,760,769,770,766,648,93
telemetry,13:48:23,,228,26.10,3.73,40.12,0,917,761,768,770,765,610,93
telemetry,13:48:24,,229,27.03,3.61,39.53,0,657,760,769,770,765,717,93
telemetry,13:48:24,,229,26.10,0.11,41.29,0,363,760,769,771,766,775,93
telemetry,13:48:25,,230,26.10,0.07,41.26,0,444,764,769,770,768,786,93
telemetry,13:48:25,,230,26.10,0.02,41.26,0,715,763,769,770,768,848,93
telemetry,13:48:26,,231,26.57,0.01,41.26,0,194,763,766,770,768,927,93
telemetry,13:48:26,,231,27.50,0.01,41.26,0,963,764,766,771,768,954,93
telemetry,13:48:27,,232,26.57,0.04,41.26,0,305,763,768,770,768,967,93
telemetry,13:48:27,,232,26.57,0.01,41.26,0,23,763,768,771,768,968,93
telemetry,13:48:28,,233,26.57,0.00,41.26,0,809,763,768,770,768,968,93
telemetry,13:48:29,,233,26.57,0.01,41.26,0,546,764,766,771,768,969,93
telemetry,13:48:29,,234,26.57,0.00,41.26,0,906,763,768,770,768,969,93
telemetry,13:48:30,,234,26.10,0.03,41.26,0,831,764,769,771,768,958,93
telemetry,13:48:30,,235,26.10,0.02,41.26,0,418,764,769,771,768,955,93
telemetry,13:48:31,,235,26.10,0.01,41.26,0,69,763,769,771,768,926,93
telemetry,13:48:31,,236,26.57,0.01,41.26,0,390,762,769,771,768,823,93
telemetry,13:48:32,,236,26.57,0.01,41.26,0,714,763,769,771,768,721,93
telemetry,13:48:32,,237,27.03,0.00,41.26,0,456,764,769,770,768,555,93
telemetry,13:48:33,,237,27.03,0.00,41.28,0,700,759,768,771,768,549,93
telemetry,13:48:33,,238,27.03,0.02,41.28,0,427,757,768,770,768,641,93
telemetry,13:48:34,,238,26.57,0.02,41.28,0,414,758,768,771,769,700,93
telemetry,13:48:34,,239,26.57,0.00,41.29,0,89,756,768,770,768,652,93
telemetry,13:48:35,,239,26.57,0.02,41.29,0,784,755,768,770,768,613,93
telemetry,13:48:35,,240,26.10,0.00,41.29,0,907,755,768,771,768,709,93
telemetry,13:48:36,,240,27.50,0.00,41.29,0,563,755,768,770,768,669,93
telemetry,13:48:36,,241,27.03,0.00,41.29,0,256,755,768,771,768,668,93
telemetry,13:48:37,,241,26.10,0.00,41.29,0,295,753,768,771,768,664,93
telemetry,13:48:37,,242,26.57,0.00,41.29,0,833,755,768,771,768,759,93
telemetry,13:48:38,,242,27.03,0.00,41.29,0,345,753,768,770,768,694,93
telemetry,13:48:38,,243,26.57,0.02,41.29,0,799,756,768,771,769,725,93
telemetry,13:48:39,,243,27.03,0.02,41.29,0,65,754,768,770,768,808,93
telemetry,13:48:39,,244,26.10,0.02,41.29,0,999,755,768,770,768,913,93
telemetry,13:48:40,,244,26.57,0.01,41.29,0,715,755,768,770,768,952,93
telemetry,13:48:40,,245,26.57,0.03,41.29,0,562,758,768,770,768,950,93
telemetry,13:48:41,,245,26.57,0.01,41.29,0,455,761,768,771,768,950,93
telemetry,13:48:41,,246,27.03,0.01,41.28,0,191,762,768,771,769,941,93
telemetry,13:48:42,,246,27.03,0.02,41.28,0,39,761,769,770,768,955,93
telemetry,13:48:42,,247,26.57,0.02,41.27,0,95,762,769,770,768,884,93
